"run","AverageDistanceNetworkTopoDS"
1,0.11715298353656586
1,0.11715298353656586
