"run","AverageDistanceNetworkTopoDS"
1,0.16177205414044346
1,0.16177205414044346
