"run","AverageDistanceNetworkTopoDS"
1,0.0811964323199089
1,0.0811964323199089
