"run","AverageDistanceNetworkTopoDS"
1,0.16499769497378322
1,0.16499769497378322
